{
  "Total" : {
    "transaction" : "Total",
    "sampleCount" : 50,
    "errorCount" : 0,
    "errorPct" : 0.0,
    "meanResTime" : 8.700000000000003,
    "medianResTime" : 5.0,
    "minResTime" : 2.0,
    "maxResTime" : 142.0,
    "pct1ResTime" : 10.899999999999999,
    "pct2ResTime" : 21.949999999999953,
    "pct3ResTime" : 142.0,
    "throughput" : 0.8596678243526702,
    "receivedKBytesPerSec" : 2.062699066830577,
    "sentKBytesPerSec" : 0.10745847804408377
  },
  "HTTP Request" : {
    "transaction" : "HTTP Request",
    "sampleCount" : 50,
    "errorCount" : 0,
    "errorPct" : 0.0,
    "meanResTime" : 8.700000000000003,
    "medianResTime" : 5.0,
    "minResTime" : 2.0,
    "maxResTime" : 142.0,
    "pct1ResTime" : 10.899999999999999,
    "pct2ResTime" : 21.949999999999953,
    "pct3ResTime" : 142.0,
    "throughput" : 0.8596678243526702,
    "receivedKBytesPerSec" : 2.062699066830577,
    "sentKBytesPerSec" : 0.10745847804408377
  }
}